Producent	Model	Filmikow	YouTube	Facebook	Pewnych	Do sprawdzenia	Produktow w sklepie
Dawmac Forged	Dawmac Forged	163	95	68	161	2	34
Arceo	Valencia	33	13	20	27	6	163
Forzza	Titan	22	11	11	22	0	95
Concaver	CVR1	16	7	9	5	11	351
Japan Racing	JR46	15	10	5	4	11	114
Japan Racing	JR49	13	8	5	3	10	81
Yanar Wheels	UTC-030	11	5	6	8	3	3
Japan Racing	JR9	10	6	4	6	4	147
Japan Racing	JR28	9	8	1	5	4	164
Japan Racing	JR38	9	3	6	2	7	154
Arceo	Marceille	8	0	8	7	1	154
Carbonado	Concave	7	6	1	6	1	4
DAWMAC	DM01	7	4	3	0	7	7
Japan Racing	JR44	7	5	2	4	3	138
Seventy9	SCF-H	7	5	2	7	0	26
2Forge	ZF5	6	3	3	6	0	20
DAWMAC	DM192	6	5	1	0	6	2
Forzza	OREGON	6	2	4	6	0	60
Fuel	Contra	6	4	2	6	0	41
Japan Racing	JR11	6	4	2	3	3	360
Japan Racing	SL01	6	4	2	2	4	237
AXE	EX50	5	3	2	5	0	117
Concaver	CVR7	5	4	1	3	2	164
DAWMAC	DM04	5	4	1	0	5	9
DAWMAC	DMC03	5	4	1	0	5	7
Forzza	Gravity	5	2	3	5	0	40
Japan Racing	JR20	5	1	4	0	5	58
Japan Racing	JR21	5	4	1	4	1	146
Yota	YP1	5	3	2	2	3	26
3SDM	0.06	4	1	3	4	0	6
AXE	EX20	4	0	4	4	0	35
Breyton	Magic CW	4	3	1	4	0	20
Carbonado	Fancy	4	2	2	0	4	29
Carbonado	Gift	4	1	3	0	4	35
DAWMAC	DM07	4	2	2	2	2	7
DAWMAC	DMC06	4	2	2	0	4	3
Forzza	Flamber	4	2	2	4	0	11
Forzza	SIGMA	4	2	2	4	0	34
HAXER	HX042	4	2	2	4	0	18
ISPIRI	FFR1	4	1	3	4	0	134
ISPIRI	FFR6	4	1	3	4	0	93
Japan Racing	JR3	4	2	2	1	3	130
Japan Racing	JR34	4	3	1	3	1	57
Japan Racing	JR37	4	1	3	0	4	141
Seventy9	SV-C	4	2	2	4	0	63
Yota	YP7	4	3	1	3	1	38
AXE	EX18	3	0	3	3	0	31
Breyton	Hibonit	3	1	2	3	0	11
Carbonado	Prestige	3	1	2	3	0	39
DARE	LM	3	1	2	3	0	18
DAWMAC	DM24	3	2	1	0	3	9
Fuel	Vapor	3	1	2	2	1	40
ISPIRI	FFR5	3	1	2	1	2	83
Judd	JSF9	3	1	2	1	2	131
Yota	YP5	3	1	2	2	1	15
(nierozpoznany)	5315	2	0	2	0	2	0
(nierozpoznany)	XE244	2	0	2	0	2	0
2Forge	ZF1	2	1	1	2	0	87
2Forge	ZF8	2	1	1	2	0	61
2Forge	ZF9	2	1	1	2	0	252
AC Wheels	FF064	2	1	1	0	2	1
AGT	18259	2	1	1	2	0	3
AXE	EX11	2	0	2	2	0	3
AXE	EX14	2	2	0	2	0	12
AXE	EX15	2	0	2	2	0	15
Arceo	Monaco	2	1	1	2	0	101
Black Rhino	Arsenal	2	1	1	2	0	17
Cades	Liniar	2	0	2	2	0	13
Carbonado	Hurricane	2	1	1	2	0	17
Concaver	CVR8	2	1	1	0	2	155
DARE	F5	2	1	1	2	0	15
DARE	RS	2	0	2	2	0	84
DAWMAC	DM01X	2	2	0	0	2	19
DAWMAC	DM03	2	2	0	0	2	1
DAWMAC	DM05	2	1	1	0	2	2
DAWMAC	DM32	2	2	0	0	2	5
Ferrada Wheels	FR4	2	0	2	0	2	1
Forzza	Eternity	2	1	1	2	0	12
Fuel	burn	2	1	1	0	2	1
HAXER	HX010	2	2	0	2	0	54
ISPIRI	FFR1D	2	1	1	0	2	65
Japan Racing	JR23	2	1	1	1	1	70
Japan Racing	SL02	2	1	1	2	0	113
Niche	Serene	2	1	1	1	1	1
OEMS	IND	2	0	2	2	0	1
Platin	P107	2	1	1	2	0	3
Platin	P95	2	1	1	2	0	1
Platin	P97	2	2	0	2	0	10
R3 Wheels	R3H07	2	1	1	0	2	72
Replika	5333	2	2	0	0	2	8
Replika	568	2	2	0	0	2	8
Replika	5852	2	2	0	0	2	12
Riviera	RV199	2	2	0	2	0	8
Romac	Radium	2	1	1	2	0	50
Rueda	ME42	2	1	1	2	0	2
Schmidt	TH-LINE	2	0	2	2	0	10
Seventy9	MF.9	2	1	1	0	2	23
Seventy9	SCF-K	2	1	1	2	0	13
Seventy9	SCF-P	2	1	1	2	0	15
Seventy9	SCF-S	2	1	1	2	0	4
Seventy9	SCF-U	2	1	1	2	0	12
Sixnine Wheels	FF-THREE	2	1	1	2	0	93
VEEMANN	VC7	2	2	0	2	0	60
Zito	ZS05	2	0	2	2	0	4
(nierozpoznany)	273	1	0	1	0	1	0
(nierozpoznany)	379	1	0	1	0	1	0
(nierozpoznany)	5852	1	0	1	0	1	0
(nierozpoznany)	6870	1	0	1	0	1	0
(nierozpoznany)	B0216	1	0	1	0	1	0
(nierozpoznany)	BZ7040	1	0	1	0	1	0
(nierozpoznany)	BZ9007	1	0	1	0	1	0
(nierozpoznany)	DY719	1	0	1	0	1	0
(nierozpoznany)	EMR156	1	0	1	0	1	0
(nierozpoznany)	F101	1	0	1	0	1	0
(nierozpoznany)	LCF34	1	0	1	0	1	0
1AV	ZX1	1	0	1	0	1	12
3SDM	0.66	1	0	1	1	0	4
AXE	CF2	1	0	1	1	0	75
AXE	EX16	1	0	1	1	0	1
AXE	EX19	1	0	1	1	0	1
Alutec	Ikenu	1	1	0	1	0	1
Arceo	D1	1	0	1	0	1	1
Arceo	EMR-DY649	1	1	0	1	0	3
Arceo	Pretoria	1	0	1	0	1	1
BOLA	B1	1	1	0	1	0	36
BOLA	B9	1	1	0	0	1	16
BOLA	FLK	1	0	1	1	0	183
Breyton	Race LS 3	1	0	1	1	0	30
Cades	Strike	1	0	1	1	0	1
Calibre	SPUR	1	1	0	1	0	1
Carbonado	Helix	1	0	1	0	1	3
Carbonado	Master	1	1	0	1	0	9
DARE	GHOST	1	0	1	1	0	1
DARE	WSGR-E	1	1	0	1	0	1
DAWMAC	DM33	1	1	0	0	1	8
F.Metal	Kari	1	0	1	0	1	69
Forzza	Bosan	1	0	1	1	0	48
Forzza	CITY	1	1	0	1	0	8
Forzza	Spot	1	0	1	1	0	17
Fuel	Charger	1	0	1	1	0	1
Fuel	Covert	1	0	1	1	0	68
HAXER	HX020	1	0	1	1	0	10
HAXER	HX022	1	1	0	0	1	9
HAXER	HX04F	1	1	0	1	0	3
HAXER	HX06	1	0	1	1	0	13
ISPIRI	CSR1D	1	0	1	1	0	46
ISPIRI	FFR2	1	1	0	1	0	79
ISPIRI	ISR1	1	0	1	1	0	1
ISPIRI	ISR5	1	0	1	1	0	3
ISPIRI	ISR6	1	1	0	1	0	4
Japan Racing	JR33	1	0	1	1	0	18
Japan Racing	JR42	1	1	0	1	0	99
Japan Racing	JR6	1	0	1	0	1	117
Japan Racing	JRX9	1	1	0	1	0	4
Judd	JSF8	1	0	1	1	0	72
Lexani	Devoe	1	0	1	1	0	18
MAK	SPECIALE	1	0	1	1	0	1
Mrr	HR3	1	0	1	1	0	5
OEMS	ES2	1	0	1	0	1	1
OEMS	ES5	1	0	1	1	0	3
OEMS	IFG17	1	1	0	1	0	1
Platin	P109	1	0	1	0	1	5
Platin	P113	1	1	0	1	0	17
Quantum44	S4	1	0	1	1	0	1
Quantum44	SFF1	1	1	0	1	0	10
Rc-Design	RC-32	1	1	0	1	0	1
Replika	1121	1	1	0	0	1	1
Replika	1178	1	1	0	0	1	2
Replika	136	1	1	0	0	1	4
Replika	1566	1	1	0	0	1	19
Replika	1743	1	1	0	0	1	1
Replika	5083	1	1	0	0	1	8
Replika	524	1	1	0	0	1	1
Replika	5909	1	1	0	0	1	6
Replika	BY1059	1	1	0	1	0	62
River	R4	1	1	0	1	0	1
Riviera	RF1	1	0	1	1	0	9
Riviera	RF101	1	0	1	1	0	10
Riviera	RF107	1	0	1	1	0	19
Rohana	RF2	1	0	1	1	0	2
Rohana	RFX5	1	0	1	1	0	1
Rota	Recce	1	1	0	1	0	10
Rotiform	CCV	1	0	1	1	0	3
Rotiform	DTM	1	0	1	1	0	15
Rotiform	JDR	1	0	1	1	0	5
Seventy9	SCF-B	1	0	1	1	0	71
Seventy9	SV-N	1	0	1	1	0	41
Sixnine Wheels	FF-ONE	1	1	0	1	0	46
Strom	DS-35	1	1	0	0	1	9
Strom	STR-F1	1	1	0	1	0	29
Strom	STR4	1	0	1	0	1	28
TSW	Bathurst	1	0	1	1	0	29
Tomason	TN8	1	0	1	1	0	3
VEEMANN	V-FS10	1	1	0	1	0	7
VEEMANN	VC580R	1	1	0	1	0	38
Wrath	WF-7	1	1	0	1	0	1
Wrath	WF-9	1	1	0	1	0	1
XD Wheels	XD137	1	0	1	0	1	6
Yanar Wheels	F-Force Elite	1	1	0	1	0	1
Yota	YP9	1	1	0	1	0	16
