DAWMACFORGED|DAWMACFORGED	68	1050632797575696:r:A,1856393342406628:r:A,1617453063054784:r:A,1053857273682122:r:A,1036444612685659:r:A,2190024218522764:r:D,1606810724299323:r:D,2241039853362589:r:A,1352666413735295:r:A,2143165139916451:r:A,2922181951457164:r:A,27847729981512411:r:A,1004276919148331:r:A,1516875443224822:r:A,1985855312076094:r:A,839939571965714:r:A,1014771811122101:r:A,1690966505264305:r:A,2416044002236206:r:A,949706291252047:r:A,1311708104210146:r:A,5502146906677729:r:A,34626961683619147:r:A,24744784188553367:r:A,2146972302769220:r:A,4206282963021607:r:A,1837445783598595:r:A,1735350084099241:r:A,1278856610797814:r:A,1303537868367270:r:A,4189953091319447:r:A,1468816034667349:r:A,1425915009261748:r:A,25667815826162325:r:A,862668073245524:r:A,25604349039185921:r:A,2761316134203343:r:A,1307153218097493:r:A,796518726275047:v:A,1777546993148651:v:A,1595249557805810:v:A,632687619758204:v:A,982783024039203:v:A,563722703004130:v:A,581392874329835:v:A,1993994281104611:v:A,540218225624647:v:A,472828982460859:v:A,434231102611319:v:A,1170446427403129:v:A,2753031078194480:v:A,453583520589612:v:A,380271058393652:v:A,1349760065878473:v:A,3797814027119154:v:A,7864434240253753:v:A,408115005266215:v:A,1932575993856947:v:A,839390861353095:v:A,3701806066763836:v:A,1243661593014036:v:A,1445889549579915:v:A,415830597075112:v:A,4905092052854539:v:A,1765229740351017:v:A,546411099948706:v:A,3052945841643804:v:A,830933794382801:v:A
ARCEO|VALENCIA	20	1027611096862945:r:B,1035528232281305:r:B,2152807122143233:r:A,1143254800619386:v:A,944159034351477:v:A,334601703054533:v:A,931848488231159:v:A,720297955977929:v:A,438214071130003:v:A,1236639546813404:v:A,897621324277710:v:A,881283599441901:v:A,2067655083409783:v:A,3050943651808964:v:A,931244097687546:v:A,1079949652416472:v:B,1368701116804112:v:B,2829946703951458:v:A,2065111496958511:v:A,813345259465558:v:A
FORZZA|TITAN	11	1529258545555065:v:A,1089146866864097:r:A,2014815442574541:r:A,1363526135922106:r:A,2120223351891725:r:A,1990918701544887:r:A,1521067546065358:r:A,1864515880882889:r:A,1890678304978009:r:A,1486341269771555:r:A,2195511774589647:r:A
CONCAVER|CVR1	9	1468457414800105:r:B,892926546612404:r:B,1450582276652678:r:B,1424732792323984:r:B,1263080928477591:v:B,1082943366576157:v:B,1926127074525660:v:B,1484614165730164:v:B,593554172719582:v:A
ARCEO|MARCEILLE	8	1380801366213828:v:A,1197415158236919:v:B,207088891638320:v:A,472728574281182:v:A,1644956015844351:v:A,477127406841963:v:A,109047754566371:v:A,797972710822441:v:A
JAPANRACING|JR38	6	931355253105627:r:B,3826580090968330:r:B,4394535650781816:r:B,4488964744705309:r:B,1631262457863498:r:B,603374025500429:v:B
YANARWHEELS|UTC030	6	1555004646004527:r:D,921883944168959:r:D,860065709826820:r:D,938505215191651:r:A,1612424126447680:r:A,1841088089873695:r:A
JAPANRACING|JR46	5	1372658575002499:r:B,1577924797034690:r:B,1270551035164866:r:B,1666773554523771:r:B,4003984186539717:v:B
JAPANRACING|JR49	5	2209684099829595:r:B,1543739083765511:r:B,1427095635792519:r:B,757965067324211:r:B,1385623869599738:r:B
AXE|EX20	4	1005727722849816:v:A,1003853463037242:v:A,951271911628731:v:A,867011163388140:v:A
FORZZA|OREGON	4	1478748176905387:r:A,964209256307149:r:A,790902560692020:r:A,314275673466423:v:A
JAPANRACING|JR20	4	2289475228466194:r:B,2486362488501345:r:B,881256991570085:r:B,1405088784407158:r:B
JAPANRACING|JR9	4	1768618444337288:r:B,1569847164180286:r:B,1583028409805253:r:B,1193162800772973:v:A
2FORGE|ZF5	3	1020751940749414:r:A,1497469365031312:r:A,1802927077344536:r:A
3SDM|006	3	1589302842903319:r:A,8531877886835762:v:A,1262249607197625:v:A
AXE|EX18	3	1305158858229626:r:A,1257388144350438:v:A,900890663333523:v:A
CARBONADO|GIFT	3	1589764006092911:r:B,857254063910477:r:B,2732639317106326:r:B
DAWMAC|DM01	3	1074083585120661:r:B,1035249535709628:r:B,1513768246792436:r:B
FORZZA|GRAVITY	3	3053222491527989:r:A,2016552989312303:r:A,1140775133702050:v:A
ISPIRI|FFR1	3	1275990827409955:r:A,295958535985649:v:A,371865076839117:v:A
ISPIRI|FFR6	3	1495568365229352:r:A,188869603100359:v:A,2445826225742916:v:A
JAPANRACING|JR37	3	1458454739419614:r:B,1390045569519624:r:B,284418619204396:v:B
?|5315	2	1496823738759486:r:C,1724484898529118:r:C
?|XE244	2	1748569726285606:r:C,1510211964098582:r:C
AXE|EX11	2	1035946493161272:v:A,862606680495255:v:A
AXE|EX15	2	1171935249562395:v:A,928104780612111:v:A
AXE|EX50	2	1375635871334625:r:A,1321762993014373:r:A
BREYTON|HIBONIT	2	1289478122564435:r:A,889546640619995:r:A
CADES|LINIAR	2	629422183094676:v:A,1061869948943440:v:A
CARBONADO|FANCY	2	1024145730540738:r:B,1649707149438384:r:B
CARBONADO|PRESTIGE	2	1342735878003251:r:A,2054710251746953:r:A
DARE|LM	2	1302315897562075:v:A,937457569676832:v:A
DARE|RS	2	1304945386261380:v:A,1263255973763655:v:A
DAWMAC|DM07	2	2103963440170010:r:A,7534898976555073:v:B
DAWMAC|DMC06	2	1370837301193525:r:B,969610992540712:r:B
FERRADAWHEELS|FR4	2	1632610370161545:v:D,1330980763657842:v:D
FORZZA|FLAMBER	2	872453252291030:r:A,1057834013669448:r:A
FORZZA|SIGMA	2	843407492053499:r:A,550479859313643:v:A
FUEL|CONTRA	2	1076172611498389:r:A,1600247441727850:r:A
FUEL|VAPOR	2	2862233290801538:r:B,1631365821530674:r:A
HAXER|HX042	2	2113569976194432:r:A,1916146255719330:r:A
ISPIRI|FFR5	2	1649271866328013:r:B,1259361974153055:v:A
JAPANRACING|JR11	2	1272533878371324:r:B,2418803791918081:r:B
JAPANRACING|JR3	2	1777668783546866:r:B,1585346319234211:r:B
JAPANRACING|JR44	2	1354487550219395:r:B,752135711232704:r:A
JAPANRACING|SL01	2	4586310468360196:r:B,254341370736655:v:A
JUDD|JSF9	2	997530972128108:v:B,1228539218296912:v:B
OEMS|IND	2	1265897230166196:v:A,1193932930695960:v:A
SCHMIDT|THLINE	2	749084596880782:v:A,1026958700726718:v:A
SEVENTY9|SCFH	2	1890155131647722:r:A,1905228626748747:r:A
SEVENTY9|SVC	2	2818775738503923:r:A,4422895357982965:r:A
YOTA|YP1	2	1173172878313807:r:B,1391114232710542:r:B
YOTA|YP5	2	2203585120181014:r:A,713427016510472:v:B
ZITO|ZS05	2	1258581284231124:v:A,1000379773384611:v:A
?|273	1	1354892253183525:r:C
?|379	1	1343217350788083:r:C
?|5852	1	2465221260569640:r:C
?|6870	1	1621538839080481:r:C
?|B0216	1	846371401671983:r:D
?|BZ7040	1	1554383052281612:r:D
?|BZ9007	1	1571223830576195:r:C
?|DY719	1	173333017653904:v:C
?|EMR156	1	2820570451532526:v:C
?|F101	1	347170106237175:v:C
?|LCF34	1	1088753275473870:v:C
1AV|ZX1	1	1207892949299958:v:B
2FORGE|ZF1	1	1310229924151154:r:A
2FORGE|ZF8	1	1475964687883604:r:A
2FORGE|ZF9	1	2196533277783192:r:A
3SDM|066	1	1471462762942974:v:A
ACWHEELS|FF064	1	1432507685372812:r:B
AGT|18259	1	27883197464631371:r:A
ARCEO|D1	1	1638549646328317:v:B
ARCEO|MONACO	1	3178022659121296:v:A
ARCEO|PRETORIA	1	396078094896697:v:B
ARCEO|THREE	1	2250325569066174:r:B
AXE|CF2	1	302887821495693:v:A
AXE|EX16	1	1073570399398881:v:A
AXE|EX19	1	858809717541618:v:A
BLACKRHINO|ARSENAL	1	1782519085997810:r:A
BOLA|FLK	1	1535690771056606:r:A
BREYTON|MAGICCW	1	1140360114509312:v:A
BREYTON|RACELS3	1	856451450087262:r:A
CADES|STRIKE	1	1188829924539594:v:A
CARBONADO|CONCAVE	1	1080886471121892:r:D
CARBONADO|HELIX	1	1649226186213843:r:B
CARBONADO|HURRICANE	1	935896925879492:r:A
CONCAVER|CVR7	1	1506220151154680:r:B
CONCAVER|CVR8	1	1282268157107868:r:B
DARE|F5	1	1014705274628462:r:A
DARE|GHOST	1	1203944176361502:v:A
DAWMAC|DM04	1	449390737410606:v:B
DAWMAC|DM05	1	1070446490837465:v:B
DAWMAC|DM192	1	1821967135830408:r:B
DAWMAC|DM24	1	1758394098037429:v:B
DAWMAC|DMC03	1	1057964302158794:v:B
FMETAL|KARI	1	8714291531969528:v:B
FORZZA|BOSAN	1	1245200354334396:r:A
FORZZA|ETERNITY	1	1327651056231283:r:A
FORZZA|SPOT	1	1193661859570510:r:A
FUEL|BURN	1	1548788680336351:r:B
FUEL|CHARGER	1	1580316520055989:r:A
FUEL|COVERT	1	2297604663942736:v:A
HAXER|HX020	1	3793422714128538:r:A
HAXER|HX06	1	4353689681583128:r:A
ISPIRI|CSR1D	1	1266181146804471:v:A
ISPIRI|FFR1D	1	2514139862420499:r:B
ISPIRI|ISR1	1	1260750987347487:v:A
ISPIRI|ISR5	1	3156874361307145:v:A
JAPANRACING|JR21	1	26542715645371462:r:B
JAPANRACING|JR23	1	1526071325699012:r:B
JAPANRACING|JR28	1	3528119860688994:r:B
JAPANRACING|JR33	1	553678909936621:v:A
JAPANRACING|JR34	1	844896777630466:v:B
JAPANRACING|JR6	1	1703231860878755:r:B
JAPANRACING|SL02	1	1489789928209045:v:A
JUDD|JSF8	1	328053586547572:v:A
LEXANI|DEVOE	1	600114811953815:v:A
MAK|SPECIALE	1	2030361680839779:r:A
MRR|HR3	1	1409935386018410:v:A
NICHE|SERENE	1	865975373221485:r:A
OEMS|ES2	1	1264661513623101:v:B
OEMS|ES5	1	1263853503703902:v:A
PLATIN|P107	1	791302166665594:r:A
PLATIN|P109	1	1696276461352214:r:B
PLATIN|P95	1	923435619759411:v:A
QUANTUM44|S4	1	1062684203820834:v:A
R3WHEELS|R3H07	1	1037811995253783:r:B
RIVIERA|RF1	1	700005081643347:v:A
RIVIERA|RF101	1	190169426329693:v:A
RIVIERA|RF107	1	1280971092264512:v:A
ROHANA|RF2	1	1191555250933728:v:A
ROHANA|RFX5	1	1189805051108748:v:A
ROMAC|RADIUM	1	1449231506977540:r:A
ROTIFORM|CCV	1	1419887448100506:v:A
ROTIFORM|DTM	1	4327425857531529:r:A
ROTIFORM|JDR	1	853788089932007:v:A
RUEDA|ME42	1	1973321469937799:r:A
SEVENTY9|MF9	1	883982067868628:r:B
SEVENTY9|SCFB	1	710376140267436:v:A
SEVENTY9|SCFK	1	935702072335354:r:A
SEVENTY9|SCFP	1	1051528640572404:r:A
SEVENTY9|SCFS	1	2456017804836989:r:A
SEVENTY9|SCFU	1	812217651360038:r:A
SEVENTY9|SVN	1	26333257703026062:r:A
STROM|STR4	1	3648929838580766:r:B
TOMASON|TN8	1	1265669140189005:v:A
TSW|BATHURST	1	582333075575402:v:A
XDWHEELS|XD137	1	902469595976858:r:B
YOTA|YP7	1	1619275912586327:r:B
