producent	model	razem	yt	fb	produktow_w_sklepie	linki
Dawmac Forged	Dawmac Forged	163	95	68	34	https://youtu.be/-n5MdZyBYdA https://youtu.be/1myVs7Ws6UQ https://youtu.be/1tqmdqx57fQ https://youtu.be/2ffW7jSjzVo https://youtu.be/2ukZ5w-8p-Y https://youtu.be/578-nvQpsh0 https://youtu.be/57R3L9bsi70 https://youtu.be/5mlEafTt2rU https://youtu.be/6BP1QxXiP5Y https://youtu.be/6ZGFWH8G-kA https://youtu.be/6_ws0IKI0kc https://youtu.be/6tbLbbKmjI4 https://youtu.be/7SRF281rPN8 https://youtu.be/8WyJfbnuyCI https://youtu.be/9QzMO29gWSE https://youtu.be/9tDhSEsWtbQ https://youtu.be/A2rnunrIYI0 https://youtu.be/AdIQbZtw4-s https://youtu.be/Ar81TDTKkLk https://youtu.be/BIOOWpZhQmA https://youtu.be/BZTvLJH3S_Q https://youtu.be/Cl_ADuD4-zg https://youtu.be/ExqpXVhX-ug https://youtu.be/GfHr4i_vERw https://youtu.be/HqMCDAF7hXo https://youtu.be/HqQ_kIOsurQ https://youtu.be/JeWH1qsvTVA https://youtu.be/JfEKVhq_s08 https://youtu.be/JneT1GyEXA8 https://youtu.be/LF-cZNgKCW4 https://youtu.be/LUYVmQDd2xo https://youtu.be/O3wzAv6CnEo https://youtu.be/OBWPY7JfQbY https://youtu.be/PrcFOh_g_iA https://youtu.be/QAffH723GfA https://youtu.be/QMESfM53O0o https://youtu.be/R1x98dN0Pws https://youtu.be/RU5O_Pb9GB0 https://youtu.be/TOAmOUvtu_0 https://youtu.be/TXpJRJHWeKg https://youtu.be/UKQ7paVPzg4 https://youtu.be/V4-ybshD3Og https://youtu.be/VS_oZ5lDVAo https://youtu.be/W8WATVu82Z0 https://youtu.be/WWS1cT7SPas https://youtu.be/XCyHw-6DGJY https://youtu.be/XF3WzjjYyNA https://youtu.be/Y2YSbsa81rA https://youtu.be/YGEIMWK6pHY https://youtu.be/Yp2X0G441mI https://youtu.be/_7c_rWIXWDg https://youtu.be/_Jlisnm74GY https://youtu.be/apd4PzUyQ9Y https://youtu.be/avf2QIWvuqk https://youtu.be/b47WmB1zJJc https://youtu.be/bFciFb3c2eU https://youtu.be/cJDGEZ3UMrg https://youtu.be/gayIICTmHc0 https://youtu.be/goNThrUKsKo https://youtu.be/iJZF9TGpiN4 https://youtu.be/iN8gYVNupZg https://youtu.be/iZVOQeqLD1Y https://youtu.be/iaRbG9O2fDo https://youtu.be/inblPq20Gu8 https://youtu.be/j-fOYOLQVYA https://youtu.be/jcCY2Kx_HBk https://youtu.be/k9nfqWuYHyI https://youtu.be/kPEJzjrioWk https://youtu.be/kPinTBHeXUA https://youtu.be/kUx9lUMmFWM https://youtu.be/lEsFHGU4VJk https://youtu.be/laO5QD6ATrA https://youtu.be/lkTOCah9pV8 https://youtu.be/mVH9CQH7IQA https://youtu.be/mkE58aSCB7U https://youtu.be/oANlayTj8P8 https://youtu.be/pGfxpPF4lsQ https://youtu.be/qZ_9Bk8zhRs https://youtu.be/qezCKbH6uD8 https://youtu.be/r2wQdPJBcr0 https://youtu.be/ryuwyuvUjQ4 https://youtu.be/s4LRiINCSKs https://youtu.be/tFDhq_UkD6w https://youtu.be/ug2txusquww https://youtu.be/uplDKpU_1k0 https://youtu.be/v2IZ_wUw5us https://youtu.be/vHutrxT0WHU https://youtu.be/wduNBDVHgl0 https://youtu.be/wpsRVWmGZiI https://youtu.be/xSHMV7fWGV0 https://youtu.be/y9EfZ7Mgta8 https://youtu.be/yOun0c05OPg https://youtu.be/ydCXEp6w0oI https://youtu.be/zi0_U5mWRd4 https://youtu.be/zwjMZocbmU0 https://www.facebook.com/reel/1050632797575696 https://www.facebook.com/reel/1856393342406628 https://www.facebook.com/reel/1617453063054784 https://www.facebook.com/reel/1053857273682122 https://www.facebook.com/reel/1036444612685659 https://www.facebook.com/reel/2190024218522764 https://www.facebook.com/reel/1606810724299323 https://www.facebook.com/reel/2241039853362589 https://www.facebook.com/reel/1352666413735295 https://www.facebook.com/reel/2143165139916451 https://www.facebook.com/reel/2922181951457164 https://www.facebook.com/reel/27847729981512411 https://www.facebook.com/reel/1004276919148331 https://www.facebook.com/reel/1516875443224822 https://www.facebook.com/reel/1985855312076094 https://www.facebook.com/reel/839939571965714 https://www.facebook.com/reel/1014771811122101 https://www.facebook.com/reel/1690966505264305 https://www.facebook.com/reel/2416044002236206 https://www.facebook.com/reel/949706291252047 https://www.facebook.com/reel/1311708104210146 https://www.facebook.com/reel/5502146906677729 https://www.facebook.com/reel/34626961683619147 https://www.facebook.com/reel/24744784188553367 https://www.facebook.com/reel/2146972302769220 https://www.facebook.com/reel/4206282963021607 https://www.facebook.com/reel/1837445783598595 https://www.facebook.com/reel/1735350084099241 https://www.facebook.com/reel/1278856610797814 https://www.facebook.com/reel/1303537868367270 https://www.facebook.com/reel/4189953091319447 https://www.facebook.com/reel/1468816034667349 https://www.facebook.com/reel/1425915009261748 https://www.facebook.com/reel/25667815826162325 https://www.facebook.com/reel/862668073245524 https://www.facebook.com/reel/25604349039185921 https://www.facebook.com/reel/2761316134203343 https://www.facebook.com/reel/1307153218097493 https://www.facebook.com/dawmacpolska/videos/796518726275047 https://www.facebook.com/dawmacpolska/videos/1777546993148651 https://www.facebook.com/dawmacpolska/videos/1595249557805810 https://www.facebook.com/dawmacpolska/videos/632687619758204 https://www.facebook.com/dawmacpolska/videos/982783024039203 https://www.facebook.com/dawmacpolska/videos/563722703004130 https://www.facebook.com/dawmacpolska/videos/581392874329835 https://www.facebook.com/dawmacpolska/videos/1993994281104611 https://www.facebook.com/dawmacpolska/videos/540218225624647 https://www.facebook.com/dawmacpolska/videos/472828982460859 https://www.facebook.com/dawmacpolska/videos/434231102611319 https://www.facebook.com/dawmacpolska/videos/1170446427403129 https://www.facebook.com/dawmacpolska/videos/2753031078194480 https://www.facebook.com/dawmacpolska/videos/453583520589612 https://www.facebook.com/dawmacpolska/videos/380271058393652 https://www.facebook.com/dawmacpolska/videos/1349760065878473 https://www.facebook.com/dawmacpolska/videos/3797814027119154 https://www.facebook.com/dawmacpolska/videos/7864434240253753 https://www.facebook.com/dawmacpolska/videos/408115005266215 https://www.facebook.com/dawmacpolska/videos/1932575993856947 https://www.facebook.com/dawmacpolska/videos/839390861353095 https://www.facebook.com/dawmacpolska/videos/3701806066763836 https://www.facebook.com/dawmacpolska/videos/1243661593014036 https://www.facebook.com/dawmacpolska/videos/1445889549579915 https://www.facebook.com/dawmacpolska/videos/415830597075112 https://www.facebook.com/dawmacpolska/videos/4905092052854539 https://www.facebook.com/dawmacpolska/videos/1765229740351017 https://www.facebook.com/dawmacpolska/videos/546411099948706 https://www.facebook.com/dawmacpolska/videos/3052945841643804 https://www.facebook.com/dawmacpolska/videos/830933794382801
Arceo	Valencia	33	13	20	163	https://youtu.be/5d0y1S23HAI https://youtu.be/6b2p3QrRRGU https://youtu.be/8Hs_Hs8fPeA https://youtu.be/9kFly4igN88 https://youtu.be/XjKf9MLrCGs https://youtu.be/Y4DSbOs9GUk https://youtu.be/YkHT3nRIRmU https://youtu.be/_yJo6GQQ2zk https://youtu.be/eE0lgBD_U2Y https://youtu.be/g5cJUUgRlnY https://youtu.be/kJU7VznjdRI https://youtu.be/wXJ8J3FLWxM https://youtu.be/z9rfE77KTO8 https://www.facebook.com/reel/1027611096862945 https://www.facebook.com/reel/1035528232281305 https://www.facebook.com/reel/2152807122143233 https://www.facebook.com/dawmacpolska/videos/1143254800619386 https://www.facebook.com/dawmacpolska/videos/944159034351477 https://www.facebook.com/dawmacpolska/videos/334601703054533 https://www.facebook.com/dawmacpolska/videos/931848488231159 https://www.facebook.com/dawmacpolska/videos/720297955977929 https://www.facebook.com/dawmacpolska/videos/438214071130003 https://www.facebook.com/dawmacpolska/videos/1236639546813404 https://www.facebook.com/dawmacpolska/videos/897621324277710 https://www.facebook.com/dawmacpolska/videos/881283599441901 https://www.facebook.com/dawmacpolska/videos/2067655083409783 https://www.facebook.com/dawmacpolska/videos/3050943651808964 https://www.facebook.com/dawmacpolska/videos/931244097687546 https://www.facebook.com/dawmacpolska/videos/1079949652416472 https://www.facebook.com/dawmacpolska/videos/1368701116804112 https://www.facebook.com/dawmacpolska/videos/2829946703951458 https://www.facebook.com/dawmacpolska/videos/2065111496958511 https://www.facebook.com/dawmacpolska/videos/813345259465558
Forzza	Titan	22	11	11	95	https://youtu.be/-iT0u-pEGhQ https://youtu.be/8rMFveyPzOM https://youtu.be/9BPZTAhBPb0 https://youtu.be/IZdDEOBhFb8 https://youtu.be/c9SgLDuoBKA https://youtu.be/q3HlcHCeINU https://youtu.be/sJ7WHqefZF0 https://youtu.be/tIWnqhLERUw https://youtu.be/uBjGexvIfIY https://youtu.be/wchkgV-wM6M https://youtu.be/xSDkJh-k4ag https://www.facebook.com/dawmacpolska/videos/1529258545555065 https://www.facebook.com/reel/1089146866864097 https://www.facebook.com/reel/2014815442574541 https://www.facebook.com/reel/1363526135922106 https://www.facebook.com/reel/2120223351891725 https://www.facebook.com/reel/1990918701544887 https://www.facebook.com/reel/1521067546065358 https://www.facebook.com/reel/1864515880882889 https://www.facebook.com/reel/1890678304978009 https://www.facebook.com/reel/1486341269771555 https://www.facebook.com/reel/2195511774589647
Concaver	CVR1	16	7	9	351	https://youtu.be/ApmtuONNtzk https://youtu.be/UhXGi7N-I2Q https://youtu.be/aU4j0F88H_w https://youtu.be/eZd92XF5kaM https://youtu.be/imqSr3six34 https://youtu.be/qtLhuxWTZO8 https://youtu.be/rr04J7PSXus https://www.facebook.com/reel/1468457414800105 https://www.facebook.com/reel/892926546612404 https://www.facebook.com/reel/1450582276652678 https://www.facebook.com/reel/1424732792323984 https://www.facebook.com/dawmacpolska/videos/1263080928477591 https://www.facebook.com/dawmacpolska/videos/1082943366576157 https://www.facebook.com/dawmacpolska/videos/1926127074525660 https://www.facebook.com/dawmacpolska/videos/1484614165730164 https://www.facebook.com/dawmacpolska/videos/593554172719582
Japan Racing	JR46	15	10	5	114	https://youtu.be/3CkbYDvebaY https://youtu.be/B6zGxFUbpZw https://youtu.be/EztpFSM4hPQ https://youtu.be/K1-YtKDwF9k https://youtu.be/WzrldNUqpcw https://youtu.be/oLiXKuDOnOI https://youtu.be/sqNTVbAJzQ4 https://youtu.be/v3OIwkzoqiE https://youtu.be/w0qxSYqzr5Q https://youtu.be/zyAzHmaNjc0 https://www.facebook.com/reel/1372658575002499 https://www.facebook.com/reel/1577924797034690 https://www.facebook.com/reel/1270551035164866 https://www.facebook.com/reel/1666773554523771 https://www.facebook.com/dawmacpolska/videos/4003984186539717
Japan Racing	JR49	13	8	5	81	https://youtu.be/2peGGmxfo5k https://youtu.be/C4QSpGdpCD0 https://youtu.be/F8x141liXc8 https://youtu.be/RMlJ1nZzfrc https://youtu.be/ZvLiDjD8gcI https://youtu.be/b5BAOTtmUTY https://youtu.be/fH54lmc2EWM https://youtu.be/lfLK-kaGATA https://www.facebook.com/reel/2209684099829595 https://www.facebook.com/reel/1543739083765511 https://www.facebook.com/reel/1427095635792519 https://www.facebook.com/reel/757965067324211 https://www.facebook.com/reel/1385623869599738
Yanar Wheels	UTC-030	11	5	6	3	https://youtu.be/_zwsLUnWxb8 https://youtu.be/cmMgbXJjo1U https://youtu.be/mpBXeIq2XCI https://youtu.be/q1mDQISXDko https://youtu.be/swvhlscEmdI https://www.facebook.com/reel/1555004646004527 https://www.facebook.com/reel/921883944168959 https://www.facebook.com/reel/860065709826820 https://www.facebook.com/reel/938505215191651 https://www.facebook.com/reel/1612424126447680 https://www.facebook.com/reel/1841088089873695
Japan Racing	JR9	10	6	4	147	https://youtu.be/5gn829u4ENE https://youtu.be/B68hGeITjXU https://youtu.be/MsH9ewr-0dg https://youtu.be/ST9kWp_pDLc https://youtu.be/ak1Z6G6LpUg https://youtu.be/d2JhBn6oidk https://www.facebook.com/reel/1768618444337288 https://www.facebook.com/reel/1569847164180286 https://www.facebook.com/reel/1583028409805253 https://www.facebook.com/dawmacpolska/videos/1193162800772973
Japan Racing	JR28	9	8	1	164	https://youtu.be/3wmFL9Rmzoc https://youtu.be/DgqANe8sLzo https://youtu.be/FfrOtRd7Oas https://youtu.be/Gv1HzUJX1FE https://youtu.be/I24D3PsZyVc https://youtu.be/imyH7Hnj4RU https://youtu.be/jG-vAucb9gU https://youtu.be/wC6dEkI9Re0 https://www.facebook.com/reel/3528119860688994
Japan Racing	JR38	9	3	6	154	https://youtu.be/FuhXHywI8Lw https://youtu.be/h3t2Rp3vOSw https://youtu.be/tqIpvkoj9Kg https://www.facebook.com/reel/931355253105627 https://www.facebook.com/reel/3826580090968330 https://www.facebook.com/reel/4394535650781816 https://www.facebook.com/reel/4488964744705309 https://www.facebook.com/reel/1631262457863498 https://www.facebook.com/dawmacpolska/videos/603374025500429
Arceo	Marceille	8	0	8	154	https://www.facebook.com/dawmacpolska/videos/1380801366213828 https://www.facebook.com/dawmacpolska/videos/1197415158236919 https://www.facebook.com/dawmacpolska/videos/207088891638320 https://www.facebook.com/dawmacpolska/videos/472728574281182 https://www.facebook.com/dawmacpolska/videos/1644956015844351 https://www.facebook.com/dawmacpolska/videos/477127406841963 https://www.facebook.com/dawmacpolska/videos/109047754566371 https://www.facebook.com/dawmacpolska/videos/797972710822441
DAWMAC	DM01	7	4	3	7	https://youtu.be/-6NNZ4S6Wiw https://youtu.be/bbiGgYagrfM https://youtu.be/gW2Qv0sl04U https://youtu.be/m2qQ1_6OmcU https://www.facebook.com/reel/1074083585120661 https://www.facebook.com/reel/1035249535709628 https://www.facebook.com/reel/1513768246792436
Japan Racing	JR44	7	5	2	138	https://youtu.be/D9QgHAwfJwU https://youtu.be/SBFv5JP0yrk https://youtu.be/U5rOmNLYVHs https://youtu.be/jajbjsECWvg https://youtu.be/t6WmnzsciJw https://www.facebook.com/reel/1354487550219395 https://www.facebook.com/reel/752135711232704
Seventy9	SCF-H	7	5	2	26	https://youtu.be/4ZB5L4n6B9g https://youtu.be/4nLfoMEFZUc https://youtu.be/BMTHeG5l6BU https://youtu.be/QxHLjGnuifU https://youtu.be/la5kvKrt7GE https://www.facebook.com/reel/1890155131647722 https://www.facebook.com/reel/1905228626748747
2Forge	ZF5	6	3	3	20	https://youtu.be/B28g2v2T5jQ https://youtu.be/VscSkQZ_6Bw https://youtu.be/qQWLBTqys_s https://www.facebook.com/reel/1020751940749414 https://www.facebook.com/reel/1497469365031312 https://www.facebook.com/reel/1802927077344536
Carbonado	Concave	6	5	1	4	https://youtu.be/MsSlmuljxQU https://youtu.be/ORr6qK1FQq0 https://youtu.be/mEOZeLuDwvc https://youtu.be/qsPM_hIjDew https://youtu.be/xhyrflV3nh4 https://www.facebook.com/reel/1080886471121892
DAWMAC	DM192	6	5	1	2	https://youtu.be/6ueONEzZRmI https://youtu.be/EqnN5Og4V24 https://youtu.be/ktGf-Hc9PfE https://youtu.be/oDA4mFNGRng https://youtu.be/rfeA76Xi7Do https://www.facebook.com/reel/1821967135830408
Forzza	OREGON	6	2	4	60	https://youtu.be/E3k3wAFqOiE https://youtu.be/XZarMIDOFUM https://www.facebook.com/reel/1478748176905387 https://www.facebook.com/reel/964209256307149 https://www.facebook.com/reel/790902560692020 https://www.facebook.com/dawmacpolska/videos/314275673466423
Fuel	Contra	6	4	2	41	https://youtu.be/5ri-m5Un4a0 https://youtu.be/9mnu9EVHQMo https://youtu.be/Mx3KtY-BV8Q https://youtu.be/eCPkFkUGnwM https://www.facebook.com/reel/1076172611498389 https://www.facebook.com/reel/1600247441727850
Japan Racing	JR11	6	4	2	360	https://youtu.be/PQATFKi3sGc https://youtu.be/TblcpzA9qsk https://youtu.be/jffqLyTCnWc https://youtu.be/yFwZtn_ibWs https://www.facebook.com/reel/1272533878371324 https://www.facebook.com/reel/2418803791918081
Japan Racing	SL01	6	4	2	237	https://youtu.be/5Pm7yPU1WLM https://youtu.be/OFSwxz3Yxi4 https://youtu.be/hvoPR0tW11o https://youtu.be/qW4Ak9fNeWU https://www.facebook.com/reel/4586310468360196 https://www.facebook.com/dawmacpolska/videos/254341370736655
AXE	EX50	5	3	2	117	https://youtu.be/RmwdXXFQXW0 https://youtu.be/VoqwMAPRuuo https://youtu.be/eZYm8u9CP8M https://www.facebook.com/reel/1375635871334625 https://www.facebook.com/reel/1321762993014373
Concaver	CVR7	5	4	1	164	https://youtu.be/1VhDQs4Yeew https://youtu.be/B_yK5a-_-W4 https://youtu.be/TAb6ub0ocno https://youtu.be/h9w_eY0CgVI https://www.facebook.com/reel/1506220151154680
DAWMAC	DM04	5	4	1	9	https://youtu.be/9RxuY3GBr-U https://youtu.be/eqpClltkUkI https://youtu.be/n1pMwK5A8Io https://youtu.be/z5Go4AUeX0U https://www.facebook.com/dawmacpolska/videos/449390737410606
DAWMAC	DMC03	5	4	1	7	https://youtu.be/7dA064NrnB4 https://youtu.be/J3X4skMQ8NY https://youtu.be/O3smrk6QUEI https://youtu.be/_nhsq1l8fVM https://www.facebook.com/dawmacpolska/videos/1057964302158794
Forzza	Gravity	5	2	3	40	https://youtu.be/1cJRxWabpOE https://youtu.be/TjiMKnYmgEI https://www.facebook.com/reel/3053222491527989 https://www.facebook.com/reel/2016552989312303 https://www.facebook.com/dawmacpolska/videos/1140775133702050
Japan Racing	JR20	5	1	4	58	https://youtu.be/C4dz0080MYU https://www.facebook.com/reel/2289475228466194 https://www.facebook.com/reel/2486362488501345 https://www.facebook.com/reel/881256991570085 https://www.facebook.com/reel/1405088784407158
Japan Racing	JR21	5	4	1	146	https://youtu.be/HQ2i-6YGZrM https://youtu.be/PbDmZloG_Bk https://youtu.be/WCjK6C3cLgk https://youtu.be/Xwt2fDpVwa4 https://www.facebook.com/reel/26542715645371462
Yota	YP1	5	3	2	26	https://youtu.be/O8SX7nQdnvU https://youtu.be/T5ioY9F7Oo8 https://youtu.be/vzv_-bfVjyo https://www.facebook.com/reel/1173172878313807 https://www.facebook.com/reel/1391114232710542
3SDM	0.06	4	1	3	6	https://youtu.be/OoqNMgPXbEg https://www.facebook.com/reel/1589302842903319 https://www.facebook.com/dawmacpolska/videos/8531877886835762 https://www.facebook.com/dawmacpolska/videos/1262249607197625
AXE	EX20	4	0	4	35	https://www.facebook.com/dawmacpolska/videos/1005727722849816 https://www.facebook.com/dawmacpolska/videos/1003853463037242 https://www.facebook.com/dawmacpolska/videos/951271911628731 https://www.facebook.com/dawmacpolska/videos/867011163388140
Breyton	Magic CW	4	3	1	20	https://youtu.be/YIPW3VhffZw https://youtu.be/ZeYvyivmkg4 https://youtu.be/jPSN2SQNij4 https://www.facebook.com/dawmacpolska/videos/1140360114509312
Carbonado	Fancy	4	2	2	29	https://youtu.be/2YvK4tYTzV0 https://youtu.be/33CyWjxWgEo https://www.facebook.com/reel/1024145730540738 https://www.facebook.com/reel/1649707149438384
Carbonado	Gift	4	1	3	35	https://youtu.be/DYovezCcnYc https://www.facebook.com/reel/1589764006092911 https://www.facebook.com/reel/857254063910477 https://www.facebook.com/reel/2732639317106326
DAWMAC	DM07	4	2	2	7	https://youtu.be/7gxcCqgujqc https://youtu.be/i1rWu0jAERA https://www.facebook.com/reel/2103963440170010 https://www.facebook.com/dawmacpolska/videos/7534898976555073
DAWMAC	DMC06	4	2	2	3	https://youtu.be/OwJA_Qy5_RE https://youtu.be/WifmtTOvar8 https://www.facebook.com/reel/1370837301193525 https://www.facebook.com/reel/969610992540712
Forzza	Flamber	4	2	2	11	https://youtu.be/azCfYE6pUg8 https://youtu.be/gSi5PhcRbug https://www.facebook.com/reel/872453252291030 https://www.facebook.com/reel/1057834013669448
Forzza	SIGMA	4	2	2	34	https://youtu.be/ElImx4AIfzQ https://youtu.be/q3aIGg9PlgI https://www.facebook.com/reel/843407492053499 https://www.facebook.com/dawmacpolska/videos/550479859313643
HAXER	HX042	4	2	2	18	https://youtu.be/UWN3I3KxLGg https://youtu.be/m3PCrkIhyZw https://www.facebook.com/reel/2113569976194432 https://www.facebook.com/reel/1916146255719330
ISPIRI	FFR1	4	1	3	134	https://youtu.be/drMflniQEGo https://www.facebook.com/reel/1275990827409955 https://www.facebook.com/dawmacpolska/videos/295958535985649 https://www.facebook.com/dawmacpolska/videos/371865076839117
ISPIRI	FFR6	4	1	3	93	https://youtu.be/vl_w40lPHNQ https://www.facebook.com/reel/1495568365229352 https://www.facebook.com/dawmacpolska/videos/188869603100359 https://www.facebook.com/dawmacpolska/videos/2445826225742916
Japan Racing	JR3	4	2	2	130	https://youtu.be/BE4om4FP9nk https://youtu.be/hiJRBiN0v4I https://www.facebook.com/reel/1777668783546866 https://www.facebook.com/reel/1585346319234211
Japan Racing	JR34	4	3	1	57	https://youtu.be/5j9Qi8BBLj0 https://youtu.be/F0_iEQvWEwA https://youtu.be/g53BcGk8FrI https://www.facebook.com/dawmacpolska/videos/844896777630466
Japan Racing	JR37	4	1	3	141	https://youtu.be/bGWUxxJiFDA https://www.facebook.com/reel/1458454739419614 https://www.facebook.com/reel/1390045569519624 https://www.facebook.com/dawmacpolska/videos/284418619204396
Seventy9	SV-C	4	2	2	63	https://youtu.be/9SvUnumwL5A https://youtu.be/oUfzY3QqnaE https://www.facebook.com/reel/2818775738503923 https://www.facebook.com/reel/4422895357982965
Yota	YP7	4	3	1	38	https://youtu.be/CwkDKHah6Ys https://youtu.be/edRCJwuzPHk https://youtu.be/z-eZKBAshic https://www.facebook.com/reel/1619275912586327
AXE	EX18	3	0	3	31	https://www.facebook.com/reel/1305158858229626 https://www.facebook.com/dawmacpolska/videos/1257388144350438 https://www.facebook.com/dawmacpolska/videos/900890663333523
Breyton	Hibonit	3	1	2	11	https://youtu.be/JR6igyCPHjw https://www.facebook.com/reel/1289478122564435 https://www.facebook.com/reel/889546640619995
Carbonado	Prestige	3	1	2	39	https://youtu.be/wl8yV9NGxHk https://www.facebook.com/reel/1342735878003251 https://www.facebook.com/reel/2054710251746953
DARE	LM	3	1	2	18	https://youtu.be/8ivH6IqC-vY https://www.facebook.com/dawmacpolska/videos/1302315897562075 https://www.facebook.com/dawmacpolska/videos/937457569676832
DAWMAC	DM24	3	2	1	9	https://youtu.be/NxGGo69YxaY https://youtu.be/z6foBOaTHbI https://www.facebook.com/dawmacpolska/videos/1758394098037429
Fuel	Vapor	3	1	2	40	https://youtu.be/I4w6oVfVMoE https://www.facebook.com/reel/2862233290801538 https://www.facebook.com/reel/1631365821530674
ISPIRI	FFR5	3	1	2	83	https://youtu.be/dLNkjSPRwbg https://www.facebook.com/reel/1649271866328013 https://www.facebook.com/dawmacpolska/videos/1259361974153055
Judd	JSF9	3	1	2	131	https://youtu.be/b589bpkKL1Y https://www.facebook.com/dawmacpolska/videos/997530972128108 https://www.facebook.com/dawmacpolska/videos/1228539218296912
Yota	YP5	3	1	2	15	https://youtu.be/h-h4bAY1mEI https://www.facebook.com/reel/2203585120181014 https://www.facebook.com/dawmacpolska/videos/713427016510472
(nierozpoznany)	5315	2	0	2	0	https://www.facebook.com/reel/1496823738759486 https://www.facebook.com/reel/1724484898529118
(nierozpoznany)	XE244	2	0	2	0	https://www.facebook.com/reel/1748569726285606 https://www.facebook.com/reel/1510211964098582
2Forge	ZF1	2	1	1	87	https://youtu.be/Xg4e1KyCmPg https://www.facebook.com/reel/1310229924151154
2Forge	ZF8	2	1	1	61	https://youtu.be/4BUx_gt8e_E https://www.facebook.com/reel/1475964687883604
2Forge	ZF9	2	1	1	252	https://youtu.be/_2WefqW4_74 https://www.facebook.com/reel/2196533277783192
AC Wheels	FF064	2	1	1	1	https://youtu.be/G-85pPw7KrE https://www.facebook.com/reel/1432507685372812
AGT	18259	2	1	1	3	https://youtu.be/3xtr7UyH4BA https://www.facebook.com/reel/27883197464631371
AXE	EX11	2	0	2	3	https://www.facebook.com/dawmacpolska/videos/1035946493161272 https://www.facebook.com/dawmacpolska/videos/862606680495255
AXE	EX14	2	2	0	12	https://youtu.be/BcbiUBRaajk https://youtu.be/i6VmS33s-3Q
AXE	EX15	2	0	2	15	https://www.facebook.com/dawmacpolska/videos/1171935249562395 https://www.facebook.com/dawmacpolska/videos/928104780612111
Arceo	Monaco	2	1	1	101	https://youtu.be/TCxQjWN5b1Y https://www.facebook.com/dawmacpolska/videos/3178022659121296
Arceo	Three	2	1	1	2	https://youtu.be/1_1i-UVEt78 https://www.facebook.com/reel/2250325569066174
Black Rhino	Arsenal	2	1	1	17	https://youtu.be/5N1gSUHiFFE https://www.facebook.com/reel/1782519085997810
Cades	Liniar	2	0	2	13	https://www.facebook.com/dawmacpolska/videos/629422183094676 https://www.facebook.com/dawmacpolska/videos/1061869948943440
Carbonado	Hurricane	2	1	1	17	https://youtu.be/Tt5lQqpEQcE https://www.facebook.com/reel/935896925879492
Concaver	CVR8	2	1	1	155	https://youtu.be/Eez4SplLw2M https://www.facebook.com/reel/1282268157107868
DARE	F5	2	1	1	15	https://youtu.be/j4GoCULPZl0 https://www.facebook.com/reel/1014705274628462
DARE	RS	2	0	2	84	https://www.facebook.com/dawmacpolska/videos/1304945386261380 https://www.facebook.com/dawmacpolska/videos/1263255973763655
DAWMAC	DM01X	2	2	0	19	https://youtu.be/bzTVhSTOrXw https://youtu.be/jElSatf0H-s
DAWMAC	DM03	2	2	0	1	https://youtu.be/FDa22YerVTE https://youtu.be/QI8m-NkJoV8
DAWMAC	DM05	2	1	1	2	https://youtu.be/gzIZt37gOR4 https://www.facebook.com/dawmacpolska/videos/1070446490837465
DAWMAC	DM32	2	2	0	5	https://youtu.be/JE6jJoLCdwI https://youtu.be/Tiva8HLTRGE
Ferrada Wheels	FR4	2	0	2	1	https://www.facebook.com/dawmacpolska/videos/1632610370161545 https://www.facebook.com/dawmacpolska/videos/1330980763657842
Forzza	Eternity	2	1	1	12	https://youtu.be/YM3BskphEPE https://www.facebook.com/reel/1327651056231283
Fuel	burn	2	1	1	1	https://youtu.be/77Wm4Lo3pt4 https://www.facebook.com/reel/1548788680336351
HAXER	HX010	2	2	0	54	https://youtu.be/2f06nYFSXUg https://youtu.be/XwDGwsx-7N0
ISPIRI	FFR1D	2	1	1	65	https://youtu.be/P0q9ZN1bZF4 https://www.facebook.com/reel/2514139862420499
Japan Racing	JR23	2	1	1	70	https://youtu.be/K-IyrgOHIfs https://www.facebook.com/reel/1526071325699012
Japan Racing	SL02	2	1	1	113	https://youtu.be/5jYp1PqJCuM https://www.facebook.com/dawmacpolska/videos/1489789928209045
Niche	Serene	2	1	1	1	https://youtu.be/1QvqS_Xm8sk https://www.facebook.com/reel/865975373221485
OEMS	IND	2	0	2	1	https://www.facebook.com/dawmacpolska/videos/1265897230166196 https://www.facebook.com/dawmacpolska/videos/1193932930695960
Platin	P107	2	1	1	3	https://youtu.be/m0-oHsoQOyY https://www.facebook.com/reel/791302166665594
Platin	P95	2	1	1	1	https://youtu.be/X7lhGidOCW4 https://www.facebook.com/dawmacpolska/videos/923435619759411
Platin	P97	2	2	0	10	https://youtu.be/a1sgy-_NxD8 https://youtu.be/eYPFaOjfepg
Quantum44	S4	2	1	1	1	https://youtu.be/N-U3YzPKg4g https://www.facebook.com/dawmacpolska/videos/1062684203820834
R3 Wheels	R3H07	2	1	1	72	https://youtu.be/dAq32oxkbxw https://www.facebook.com/reel/1037811995253783
Replika	5333	2	2	0	8	https://youtu.be/fpnzK74dpHQ https://youtu.be/hYHvBKG3e28
Replika	568	2	2	0	8	https://youtu.be/-ufS4Cg6pzs https://youtu.be/a4td709VTHg
Replika	5852	2	2	0	12	https://youtu.be/4zWjG38wssM https://youtu.be/uCeA_7eO41E
Riviera	RV199	2	2	0	8	https://youtu.be/F60kmVguz0c https://youtu.be/MyCZBiOyd1o
Romac	Radium	2	1	1	50	https://youtu.be/qKCIKj2s3QI https://www.facebook.com/reel/1449231506977540
Rota	GT3	2	2	0	1	https://youtu.be/U2QzzCX8rXg https://youtu.be/h7tPcMEUMoM
Rueda	ME42	2	1	1	2	https://youtu.be/3Bztpkns0XA https://www.facebook.com/reel/1973321469937799
Schmidt	TH-LINE	2	0	2	10	https://www.facebook.com/dawmacpolska/videos/749084596880782 https://www.facebook.com/dawmacpolska/videos/1026958700726718
Seventy9	MF.9	2	1	1	23	https://youtu.be/Z79Uo2c6Cbs https://www.facebook.com/reel/883982067868628
Seventy9	SCF-K	2	1	1	13	https://youtu.be/OKgceXHR7jc https://www.facebook.com/reel/935702072335354
Seventy9	SCF-P	2	1	1	15	https://youtu.be/5vlLOYqDFqY https://www.facebook.com/reel/1051528640572404
Seventy9	SCF-S	2	1	1	4	https://youtu.be/Lwr7ELWVFJ4 https://www.facebook.com/reel/2456017804836989
Seventy9	SCF-U	2	1	1	12	https://youtu.be/maNv_LPGwNI https://www.facebook.com/reel/812217651360038
VEEMANN	VC7	2	2	0	60	https://youtu.be/DRmQG1nMGVA https://youtu.be/RYbe6TXjwfI
Zito	ZS05	2	0	2	4	https://www.facebook.com/dawmacpolska/videos/1258581284231124 https://www.facebook.com/dawmacpolska/videos/1000379773384611
(nierozpoznany)	273	1	0	1	0	https://www.facebook.com/reel/1354892253183525
(nierozpoznany)	379	1	0	1	0	https://www.facebook.com/reel/1343217350788083
(nierozpoznany)	5852	1	0	1	0	https://www.facebook.com/reel/2465221260569640
(nierozpoznany)	6870	1	0	1	0	https://www.facebook.com/reel/1621538839080481
(nierozpoznany)	B0216	1	0	1	0	https://www.facebook.com/reel/846371401671983
(nierozpoznany)	BZ7040	1	0	1	0	https://www.facebook.com/reel/1554383052281612
(nierozpoznany)	BZ9007	1	0	1	0	https://www.facebook.com/reel/1571223830576195
(nierozpoznany)	DY719	1	0	1	0	https://www.facebook.com/dawmacpolska/videos/173333017653904
(nierozpoznany)	EMR156	1	0	1	0	https://www.facebook.com/dawmacpolska/videos/2820570451532526
(nierozpoznany)	F101	1	0	1	0	https://www.facebook.com/dawmacpolska/videos/347170106237175
(nierozpoznany)	LCF34	1	0	1	0	https://www.facebook.com/dawmacpolska/videos/1088753275473870
1AV	ZX1	1	0	1	12	https://www.facebook.com/dawmacpolska/videos/1207892949299958
3SDM	0.66	1	0	1	4	https://www.facebook.com/dawmacpolska/videos/1471462762942974
AXE	CF2	1	0	1	75	https://www.facebook.com/dawmacpolska/videos/302887821495693
AXE	EX16	1	0	1	1	https://www.facebook.com/dawmacpolska/videos/1073570399398881
AXE	EX19	1	0	1	1	https://www.facebook.com/dawmacpolska/videos/858809717541618
Alutec	Ikenu	1	1	0	1	https://youtu.be/wbU3tG68590
Arceo	D1	1	0	1	1	https://www.facebook.com/dawmacpolska/videos/1638549646328317
Arceo	EMR-DY649	1	1	0	3	https://youtu.be/O81tBHe7NAI
Arceo	Pretoria	1	0	1	1	https://www.facebook.com/dawmacpolska/videos/396078094896697
BOLA	B1	1	1	0	36	https://youtu.be/Cns67eIDwGE
BOLA	B9	1	1	0	16	https://youtu.be/TGoyZsvmZDg
BOLA	FLK	1	0	1	183	https://www.facebook.com/reel/1535690771056606
Breyton	Race LS 3	1	0	1	30	https://www.facebook.com/reel/856451450087262
Cades	Strike	1	0	1	1	https://www.facebook.com/dawmacpolska/videos/1188829924539594
Calibre	SPUR	1	1	0	1	https://youtu.be/w4VVzRNnSG8
Carbonado	Diamond	1	1	0	7	https://youtu.be/idB7BMbtXeU
Carbonado	Helix	1	0	1	3	https://www.facebook.com/reel/1649226186213843
Carbonado	Master	1	1	0	9	https://youtu.be/QcXl_DaPkj4
DARE	GHOST	1	0	1	1	https://www.facebook.com/dawmacpolska/videos/1203944176361502
DARE	WSGR-E	1	1	0	1	https://youtu.be/Fdvv1Ngv9Zs
DAWMAC	DM33	1	1	0	8	https://youtu.be/IIo_HVUM0GI
F.Metal	Kari	1	0	1	69	https://www.facebook.com/dawmacpolska/videos/8714291531969528
Forzza	Bosan	1	0	1	48	https://www.facebook.com/reel/1245200354334396
Forzza	CITY	1	1	0	8	https://youtu.be/hm42ttxrqoE
Forzza	Spot	1	0	1	17	https://www.facebook.com/reel/1193661859570510
Fuel	Charger	1	0	1	1	https://www.facebook.com/reel/1580316520055989
Fuel	Covert	1	0	1	68	https://www.facebook.com/dawmacpolska/videos/2297604663942736
HAXER	HX020	1	0	1	10	https://www.facebook.com/reel/3793422714128538
HAXER	HX022	1	1	0	9	https://youtu.be/2_6BcG5qiAc
HAXER	HX04F	1	1	0	3	https://youtu.be/zG4drtyi63Y
HAXER	HX06	1	0	1	13	https://www.facebook.com/reel/4353689681583128
ISPIRI	CSR1D	1	0	1	46	https://www.facebook.com/dawmacpolska/videos/1266181146804471
ISPIRI	FFR2	1	1	0	79	https://youtu.be/JO3_oX6mbrs
ISPIRI	ISR1	1	0	1	1	https://www.facebook.com/dawmacpolska/videos/1260750987347487
ISPIRI	ISR5	1	0	1	3	https://www.facebook.com/dawmacpolska/videos/3156874361307145
ISPIRI	ISR6	1	1	0	4	https://youtu.be/o4kcewuLsA8
Japan Racing	JR33	1	0	1	18	https://www.facebook.com/dawmacpolska/videos/553678909936621
Japan Racing	JR42	1	1	0	99	https://youtu.be/1DF-I4wDGYA
Japan Racing	JR6	1	0	1	117	https://www.facebook.com/reel/1703231860878755
Japan Racing	JRX9	1	1	0	4	https://youtu.be/7RExK37Pid8
Judd	JSF8	1	0	1	72	https://www.facebook.com/dawmacpolska/videos/328053586547572
Lexani	Devoe	1	0	1	18	https://www.facebook.com/dawmacpolska/videos/600114811953815
MAK	SPECIALE	1	0	1	1	https://www.facebook.com/reel/2030361680839779
Mrr	HR3	1	0	1	5	https://www.facebook.com/dawmacpolska/videos/1409935386018410
OEMS	120	1	1	0	2	https://youtu.be/S3RCfpmuvR0
OEMS	ES2	1	0	1	1	https://www.facebook.com/dawmacpolska/videos/1264661513623101
OEMS	ES5	1	0	1	3	https://www.facebook.com/dawmacpolska/videos/1263853503703902
OEMS	IFG17	1	1	0	1	https://youtu.be/loJ1BG9IDQE
Platin	P109	1	0	1	5	https://www.facebook.com/reel/1696276461352214
Platin	P113	1	1	0	17	https://youtu.be/ErWYZMjlyLM
Quantum44	SFF1	1	1	0	10	https://youtu.be/-FuXs2-Jxls
Rc-Design	RC-32	1	1	0	1	https://youtu.be/6k8Uc2L2le0
Replika	1121	1	1	0	1	https://youtu.be/50lDXC7ulpk
Replika	1178	1	1	0	2	https://youtu.be/PxIyYYshHXk
Replika	136	1	1	0	4	https://youtu.be/ImGqN2dEal4
Replika	1566	1	1	0	19	https://youtu.be/oYhiZLzyMow
Replika	1743	1	1	0	1	https://youtu.be/-XiXeOPDU_g
Replika	5083	1	1	0	8	https://youtu.be/B6jL3RXNzD0
Replika	524	1	1	0	1	https://youtu.be/Er7kqlfWmh0
Replika	5909	1	1	0	6	https://youtu.be/cYQfsEX8od0
Replika	BY1059	1	1	0	62	https://youtu.be/EZo6-zUOuv0
River	R4	1	1	0	1	https://youtu.be/3BDLz-q15dk
Riviera	RF1	1	0	1	9	https://www.facebook.com/dawmacpolska/videos/700005081643347
Riviera	RF101	1	0	1	10	https://www.facebook.com/dawmacpolska/videos/190169426329693
Riviera	RF107	1	0	1	19	https://www.facebook.com/dawmacpolska/videos/1280971092264512
Rohana	RF2	1	0	1	2	https://www.facebook.com/dawmacpolska/videos/1191555250933728
Rohana	RFX5	1	0	1	1	https://www.facebook.com/dawmacpolska/videos/1189805051108748
Rota	Recce	1	1	0	10	https://youtu.be/ZZ6T7889-90
Rotiform	CCV	1	0	1	3	https://www.facebook.com/dawmacpolska/videos/1419887448100506
Rotiform	DTM	1	0	1	15	https://www.facebook.com/reel/4327425857531529
Rotiform	JDR	1	0	1	5	https://www.facebook.com/dawmacpolska/videos/853788089932007
Seventy9	SCF-B	1	0	1	71	https://www.facebook.com/dawmacpolska/videos/710376140267436
Seventy9	SV-N	1	0	1	41	https://www.facebook.com/reel/26333257703026062
Sixnine Wheels	FF-ONE	1	1	0	46	https://youtu.be/XX7YPbUdVuI
Strom	DS-35	1	1	0	9	https://youtu.be/-rHY6La4BaQ
Strom	STR-F1	1	1	0	29	https://youtu.be/mQP3VK6HQLw
Strom	STR4	1	0	1	28	https://www.facebook.com/reel/3648929838580766
TSW	Bathurst	1	0	1	29	https://www.facebook.com/dawmacpolska/videos/582333075575402
Tomason	TN8	1	0	1	3	https://www.facebook.com/dawmacpolska/videos/1265669140189005
VEEMANN	V-FS10	1	1	0	7	https://youtu.be/Is3CnUWNCRg
VEEMANN	VC580R	1	1	0	38	https://youtu.be/l79i7jvotQo
Wrath	WF-7	1	1	0	1	https://youtu.be/5boi5N4fYKk
Wrath	WF-9	1	1	0	1	https://youtu.be/X1k7hNDA4XE
XD Wheels	XD137	1	0	1	6	https://www.facebook.com/reel/902469595976858
Yanar Wheels	F-Force Elite	1	1	0	1	https://youtu.be/5m8FVwHkKmU
Yota	YP9	1	1	0	16	https://youtu.be/dddf4dAxrtU
